{
  "timestamp": "2026-01-31T08:14:30.607809",
  "dataset": "D",
  "algorithm": "GradientDescent",
  "learning_rate": 0.12753210729967396,
  "results": {
    "final_mse": 0.047088247307251994,
    "mse_exact": 0.03952903570106596,
    "epochs_required": 15,
    "converged": true,
    "tolerance": 0.01,
    "total_time": 0.05418682098388672,
    "time_per_epoch": 0.0036124547322591146
  },
  "initial_point_norm": 0.0,
  "final_point_norm": 7.31774009772473
}