{
  "timestamp": "2026-01-24T18:51:06.072736",
  "dataset": "A",
  "algorithm": "<algo1_name> (Algo1)",
  "learning_rate": 0.010024976214967096,
  "results": {
    "final_mse": 0.1045441522584795,
    "mse_exact": 0.0046194984628528,
    "epochs_required": 3736,
    "converged": true,
    "tolerance": 0.1,
    "total_time": 0.9837894439697266,
    "time_per_epoch": 0.0002633269389640596
  },
  "initial_point_norm": 0.0,
  "final_point_norm": 1.805054495702306
}