{
  "timestamp": "2026-01-24T18:51:10.902846",
  "dataset": "A",
  "algorithm": "<algo3_name> (Algo3)",
  "learning_rate": 9.999999999999999e-06,
  "results": {
    "final_mse": 0.10460960547389468,
    "mse_exact": 0.0046194984628528,
    "epochs_required": 3587,
    "converged": true,
    "tolerance": 0.1,
    "total_time": 0.5779891014099121,
    "time_per_epoch": 0.00016113440240031005
  },
  "initial_point_norm": 0.0,
  "final_point_norm": 1.8181451547500624
}