{
  "timestamp": "2026-01-31T09:58:00.607992",
  "dataset": "A",
  "algorithm": "<algo3_name> (Algo3)",
  "learning_rate": 9.999999999999999e-06,
  "results": {
    "final_mse": 0.1042018900220855,
    "mse_exact": 0.0046194984628528,
    "epochs_required": 3913,
    "converged": true,
    "tolerance": 0.1,
    "total_time": 0.5670027732849121,
    "time_per_epoch": 0.00014490231875413035
  },
  "initial_point_norm": 0.0,
  "final_point_norm": 1.8329797437180044
}