{
  "timestamp": "2026-01-31T11:58:03.785010",
  "dataset": "A",
  "algorithm": "<algo2_name> (Algo2)",
  "learning_rate": 0.010024976214967105,
  "results": {
    "final_mse": 0.10923007642509262,
    "mse_exact": 0.0092389969257056,
    "epochs_required": 6055,
    "converged": true,
    "tolerance": 0.1,
    "total_time": 18.03266453742981,
    "time_per_epoch": 0.0029781444322757736
  },
  "initial_point_norm": 0.0,
  "final_point_norm": 4.2442830647640895
}