{
  "timestamp": "2026-01-31T09:57:56.262030",
  "dataset": "A",
  "algorithm": "<algo1_name> (Algo1)",
  "learning_rate": 0.005012488107483552,
  "results": {
    "final_mse": 0.11589785776393767,
    "mse_exact": 0.0092389969257056,
    "epochs_required": 10000,
    "converged": false,
    "tolerance": 0.1,
    "total_time": 29.04706907272339,
    "time_per_epoch": 0.002904706907272339
  },
  "initial_point_norm": 0.0,
  "final_point_norm": 3.3165514950723813
}